page	raw	simplified	best_site	score
PAGE 1	TS.48.350.32.3A-RODASISALCOMTECALG350X32IMP3A	TS 48 350 32 3A RODASISALCOMTECALG350X32IMP3A	Roda Lisa Sisal/Algodão 1A 150x13	0.41
PAGE 1	TS.48.350.32.4-RODASISALCOMTECALG350X32IMP4	TS 48 350 32 4 RODASISALCOMTECALG350X32IMP4	Roda Lisa Sisal/Algodão 1A 150x13	0.421
PAGE 1	TS.48.350.45.4-RODASISALCOMTECALG350X45IMP4	TS 48 350 45 4 RODASISALCOMTECALG350X45IMP4	Roda Lisa Sisal/Algodão 1A 150x13	0.395
PAGE 1	TS.L1.48.250.50.CH.1D-RODASISALFORROLARANJA250X50CHA	TS L1 48 250 50 CH 1D RODASISALFORROLARANJA250X50CHA	Roda Lisa Sisal/Algodão 1A 150x13	0.353
PAGE 1	TS.L1.48.250.52.CH.2-RODASISALCOMFORROLARANJA250X52C	TS L1 48 250 52 CH 2 RODASISALCOMFORROLARANJA250X52C	Roda Plissada Algodão Rosa 300x32	0.376
PAGE 1	TS.L1.48.300.32.4-RODASISALFORROLARANJA300X32IMP4	TS L1 48 300 32 4 RODASISALFORROLARANJA300X32IMP4	Roda Plissada Algodão Rosa 300x32	0.439
PAGE 1	TS.L1.48.350.32.1D-RODASISALFORROLARANJA350X32IMP1D	TS L1 48 350 32 1D RODASISALFORROLARANJA350X32IMP1D	Roda Plissada Algodão Rosa 300x32	0.405
PAGE 1	TS.L1.48.350.32.4-RODASISALFORROLARANJA350X32IMP4	TS L1 48 350 32 4 RODASISALFORROLARANJA350X32IMP4	Roda Plissada Algodão Rosa 300x32	0.415
PAGE 1	V.A1.16.150.13-RODAVENTILADATECALGRESAMARELO150X13	V A1 16 150 13 RODAVENTILADATECALGRESAMARELO150X13	Roda Ventilada Algodão Amarela 200x13	0.598
PAGE 1	V.A1.16.200.13-RODAVENTILADATECALGRESAMARELO200X13	V A1 16 200 13 RODAVENTILADATECALGRESAMARELO200X13	Roda Ventilada Algodão Amarela 200x13	0.644
PAGE 1	V.A1.16.250.13-RODAVENTILADATECALGRESAMARELO250X13	V A1 16 250 13 RODAVENTILADATECALGRESAMARELO250X13	Roda Ventilada Algodão Amarela 200x13	0.621
PAGE 1	V.A1.16.250.32-RODAVENTILADATECALGRESAMARELO250X32	V A1 16 250 32 RODAVENTILADATECALGRESAMARELO250X32	Roda Ventilada Algodão Amarela 200x13	0.598
PAGE 1	V.A1.16.300.32-RODAVENTILADATECALGRESAMARELO300X32	V A1 16 300 32 RODAVENTILADATECALGRESAMARELO300X32	Roda Ventilada Algodão Amarela 200x13	0.598
PAGE 1	V.A1.16.350.32-RODAVENTILADATECALGRESAMARELO350X32	V A1 16 350 32 RODAVENTILADATECALGRESAMARELO350X32	Roda Ventilada Algodão Amarela 200x13	0.575
PAGE 1	V.C1.16.250.32-RODAVENTILADATECALGCRU250X32	V C1 16 250 32 RODAVENTILADATECALGCRU250X32	Roda Ventilada Algodão Rosa 250x13	0.571
PAGE 1	V.D.16.300.32-RODAVENTILADATECALGRESDURO300X32	V D 16 300 32 RODAVENTILADATECALGRESDURO300X32	Roda Ventilada Algodão Rosa 250x13	0.55
PAGE 1	V.F.14.200.13-RODAVENTILADATECALGFLANELA200X13	V F 14 200 13 RODAVENTILADATECALGFLANELA200X13	Roda Ventilada Flanela 250x13	0.667
PAGE 1	V.F.14.250.13-RODAVENTILADATECALGFLANELA250X13	V F 14 250 13 RODAVENTILADATECALGFLANELA250X13	Roda Ventilada Flanela 250x13	0.693
PAGE 1	V.F.14.300.19-RODAVENTILADATECALGFLANELA300X19	V F 14 300 19 RODAVENTILADATECALGFLANELA300X19	Roda Ventilada Flanela 250x13	0.613
PAGE 1	V.F.14.300.32-RODAVENTILADATECALGFLANELA300X32	V F 14 300 32 RODAVENTILADATECALGFLANELA300X32	Roda Ventilada Flanela 250x13	0.613
PAGE 1	V.F.14.400.32-RODAVENTILADATECALGFLANELA400X32	V F 14 400 32 RODAVENTILADATECALGFLANELA400X32	Roda Ventilada Flanela 250x13	0.613
PAGE 1	V.GB1.14.300.32-RODAVENTILADAGENIALBRANCO300X32	V GB1 14 300 32 RODAVENTILADAGENIALBRANCO300X32	Roda Ventilada Algodão Amarela 200x13	0.5
PAGE 1	V.R.16.150.13-RODAVENTTECALGRESROSAEXTDURO150X13	V R 16 150 13 RODAVENTTECALGRESROSAEXTDURO150X13	Roda Ventilada Algodão Rosa 250x13	0.488
PAGE 1	V.R.16.200.13-RODAVENTTECALGRESROSAEXTDURO200X13	V R 16 200 13 RODAVENTTECALGRESROSAEXTDURO200X13	Roda Ventilada Algodão Rosa 250x13	0.488
PAGE 1	V.R.16.250.13-RODAVENTTEC.ALG.RES.ROSAEXTDURO250X13	V R 16 250 13 RODAVENTTEC ALG RES ROSAEXTDURO250X13	Roda Ventilada Algodão Rosa 250x13	0.541
PAGE 1	V.R.16.250.13.AAA-DISCOVENTILADATECALGROSADURA250X13	V R 16 250 13 AAA DISCOVENTILADATECALGROSADURA250X13	Roda Ventilada Algodão Rosa 250x13	0.581
PAGE 1	V.R.16.250.32.AAA-RODAVENTTECALGRESROSADURO250X32	V R 16 250 32 AAA RODAVENTTECALGRESROSADURO250X32	Roda Ventilada Algodão Amarela 200x13	0.419
PAGE 1	V.R.16.300.25.AAA-RODAVENTILADATECALGROSADURO300X25	V R 16 300 25 AAA RODAVENTILADATECALGROSADURO300X25	Roda Ventilada Algodão Rosa 250x13	0.518
PAGE 1	V.R.16.300.32-RODAVENTILADATECALGRESROSAEXTDURO	V R 16 300 32 RODAVENTILADATECALGRESROSAEXTDURO	Roda Ventilada Algodão Rosa 250x13	0.519
PAGE 1	V.R.16.350.25.AAA-RODAVENTILADATECALGRESROSAEXDURO	V R 16 350 25 AAA RODAVENTILADATECALGRESROSAEXDURO	Roda Ventilada Algodão Rosa 250x13	0.5
PAGE 1	V.R.16.350.32-RODAVENTILADATECALGRESROSADURO350X32	V R 16 350 32 RODAVENTILADATECALGRESROSADURO350X32	Roda Ventilada Algodão Rosa 250x13	0.571
PAGE 1	V.R.16.350.32.AAA-RODAVENTILADATECALGRESROSAEXTDURO	V R 16 350 32 AAA RODAVENTILADATECALGRESROSAEXTDURO	Roda Ventilada Algodão Rosa 250x13	0.494
PAGE 1	V.R.16.400.32AAA-RODAVENTILADATECALGRESROSA400X32	V R 16 400 32AAA RODAVENTILADATECALGRESROSA400X32	Roda Ventilada Algodão Rosa 250x13	0.554
PAGE 1	V.R.16.500.32-RODAVENTILADATECALGRESROSADURO500X32	V R 16 500 32 RODAVENTILADATECALGRESROSADURO500X32	Roda Ventilada Algodão Rosa 250x13	0.571
PAGE 1	V.R7.16.250.13.AAA-RODAVENTILADATECROSAEXTDURA250X13	V R7 16 250 13 AAA RODAVENTILADATECROSAEXTDURA250X13	Roda Ventilada Algodão Rosa 250x13	0.535
PAGE 2	RODAPGMISTA115X20XM14GR240	RODAPGMISTA115X20XM14GR240	Roda PG Mista Berwanger 115x20xM14	0.7
PAGE 2	RODAPGMISTA115X20XM14GR320	RODAPGMISTA115X20XM14GR320	Roda PG Mista Berwanger 115x20xM14	0.7
PAGE 2	RODAPGMISTA115X20XM14GR80	RODAPGMISTA115X20XM14GR80	Roda PG Mista Berwanger 115x20xM14	0.712
PAGE 2	RODAPGMISTO-RODAPGLIXASCOTHBRITEGR18025X15OX45	RODAPGMISTO RODAPGLIXASCOTHBRITEGR18025X15OX45	PG Misto Scoth Brite 25x150	0.63
PAGE 2	RODAPGMISTO-RODAPGLIXASCOTHBRITEGR18050X15OX45	RODAPGMISTO RODAPGLIXASCOTHBRITEGR18050X15OX45	PG Misto Scoth Brite 50x150	0.63
PAGE 2	RODAPGMISTO-RODAPGLIXASCOTHBRITEGR8025X15OX45	RODAPGMISTO RODAPGLIXASCOTHBRITEGR8025X15OX45	PG Misto Scoth Brite 25x150	0.639
PAGE 2	RODAPGMISTO-RODAPGLIXASCOTHBRITEGR805OX150X45	RODAPGMISTO RODAPGLIXASCOTHBRITEGR805OX150X45	PG Misto Scoth Brite 25x150	0.639
PAGE 2	RODAPGRECICLADO	RODAPGRECICLADO	Roda Ventilada Flanela 250x13	0.409
PAGE 2	RODASCOTHBRITERECICLADO-RODASCOTHBRITEMACICO25X250	RODASCOTHBRITERECICLADO RODASCOTHBRITEMACICO25X250	PG Misto Scoth Brite 25x150	0.442
PAGE 2	RODASCOTHBRITERECICLADO-RODASCOTHBRITEMACICO5OX250	RODASCOTHBRITERECICLADO RODASCOTHBRITEMACICO5OX250	Roda Ventilada Flanela 250x13	0.405
PAGE 2	RODASISALRECICLADA	RODASISALRECICLADA	Roda Rosa Lisa Sisal/Algodão	0.522
PAGE 2	S.S.8.250.32.4-RODASTANDARDSISAL250X32IMP.4	S S 8 250 32 4 RODASTANDARDSISAL250X32IMP 4	Roda Standard Sisal 4 250x32	0.648
PAGE 2	S.S.8.300.32.1A-RODASTANDARDSISAL300X32IMP1A	S S 8 300 32 1A RODASTANDARDSISAL300X32IMP1A	Roda Standard Sisal 4 250x32	0.583
PAGE 2	S.S.8.300.32.4-RODASTANDARDSISAL300X32IMP4	S S 8 300 32 4 RODASTANDARDSISAL300X32IMP4	Roda Standard Sisal 4 250x32	0.6
PAGE 2	S.S.8.350.32.4-RODASTANDARDSISAL350X32IMP4	S S 8 350 32 4 RODASTANDARDSISAL350X32IMP4	Roda Standard Sisal 4 250x32	0.629
PAGE 2	S.S.8.500.32.4-RODASTANDARDSISAL500X32IMP4	S S 8 500 32 4 RODASTANDARDSISAL500X32IMP4	Roda Standard Sisal 4 250x32	0.629
PAGE 2	SB-SEBO(BARRA)	SB SEBO BARRA	Sebo - barra	0.87
PAGE 2	SB-SEBO(KILOCAIXAFECHADA)	SB SEBO KILO	Sebo - kilo	0.857
PAGE 2	TS.24.150.13.8-RODASISALCOMTEALG150X13IMP8	TS 24 150 13 8 RODASISALCOMTEALG150X13IMP8	Roda Lisa Sisal/Algodão 1A 150x13	0.48
PAGE 2	TS.24.150.13.8.2C-RODASISALCOMTECALG150X13IMP82C	TS 24 150 13 8 2C RODASISALCOMTECALG150X13IMP82C	Roda Lisa Sisal/Algodão 1A 150x13	0.444
PAGE 2	TS.48.150.13CRUA-RODASISALCOMTECALG150X13CRUA	TS 48 150 13CRUA RODASISALCOMTECALG150X13CRUA	Roda Lisa Sisal/Algodão 1A 150x13	0.462
PAGE 2	TS.48.150.13.1A-RODASISALCOMTECALG150X13IMP1A	TS 48 150 13 1A RODASISALCOMTECALG150X13IMP1A	Roda Lisa Sisal/Algodão 1A 150x13	0.462
PAGE 2	TS.48.150.13.2-RODASISALCOMTECALG150X13IMP2	TS 48 150 13 2 RODASISALCOMTECALG150X13IMP2	Roda Lisa Sisal/Algodão 1A 150x13	0.474
PAGE 2	TS.48.150.13.8-RODASISALCOMTECALG150X13IMP8	TS 48 150 13 8 RODASISALCOMTECALG150X13IMP8	Roda Lisa Sisal/Algodão 1A 150x13	0.474
PAGE 2	TS.48.150.32.2-RODASISALCOMTECALG150X321IMP2	TS 48 150 32 2 RODASISALCOMTECALG150X321IMP2	Roda Lisa Sisal/Algodão 1A 150x13	0.442
PAGE 2	TS.48.180.32.4-RODASISALCOMTECALG180X32IMP4	TS 48 180 32 4 RODASISALCOMTECALG180X32IMP4	Roda Lisa Sisal/Algodão 1A 150x13	0.421
PAGE 2	TS.48.200.13.1A-RODASISALCOMTEALG200X13IMP1A	TS 48 200 13 1A RODASISALCOMTEALG200X13IMP1A	Roda Tela Sisal/Algodão 1A 200x13	0.468
PAGE 2	TS.48.200.13.2-RODASISALCOMTECALG200X13IMP2	TS 48 200 13 2 RODASISALCOMTECALG200X13IMP2	Roda Tela Sisal/Algodão 1A 200x13	0.474
PAGE 2	TS.48.200.13.8-RODASISALTECALG200X13IMP.8	TS 48 200 13 8 RODASISALTECALG200X13IMP 8	Roda Tela Sisal/Algodão 1A 200x13	0.486
PAGE 2	TS.48.200.32.4-RODASISALCOMTEC200X32IMP4	TS 48 200 32 4 RODASISALCOMTEC200X32IMP4	Roda Standard Sisal 4 250x32	0.412
PAGE 2	TS.48.250.32.1A-RODASISALCOMTECALG250X32IMP1A	TS 48 250 32 1A RODASISALCOMTECALG250X32IMP1A	Roda Standard Sisal 4 250x32	0.411
PAGE 2	TS.48.250.32.2-RODASISALCOMTECALG250X32IMP2	TS 48 250 32 2 RODASISALCOMTECALG250X32IMP2	Roda Standard Sisal 4 250x32	0.423
PAGE 2	TS.48.250.32.3A-RODASISALCOMTECALG250X32IMP3A	TS 48 250 32 3A RODASISALCOMTECALG250X32IMP3A	Roda Standard Sisal 4 250x32	0.411
PAGE 2	TS.48.250.32.4-RODASISALCOMTECALG250X32IMP4	TS 48 250 32 4 RODASISALCOMTECALG250X32IMP4	Roda Standard Sisal 4 250x32	0.423
PAGE 2	TS.48.250.32.8-RODASISALCOMTECALG250X32IMP8	TS 48 250 32 8 RODASISALCOMTECALG250X32IMP8	Roda Standard Sisal 4 250x32	0.423
PAGE 2	TS.48.250.50.CH.2-RODASISALCOMTECALG250X50CHAVIMP2	TS 48 250 50 CH 2 RODASISALCOMTECALG250X50CHAVIMP2	Roda Lisa Sisal/Algodão 1A 150x13	0.361
PAGE 2	TS.48.250.51.CH.2-RODASISALCOMTECALG250X51CHAVIMP2	TS 48 250 51 CH 2 RODASISALCOMTECALG250X51CHAVIMP2	Roda Lisa Sisal/Algodão 1A 150x13	0.386
PAGE 2	TS.48.300.32.1A-RODASISALCOMTECALG300X21IMP1A	TS 48 300 32 1A RODASISALCOMTECALG300X21IMP1A	Roda Tela Sisal/Algodão 1A 200x13	0.41
PAGE 2	TS.48.300.32.2-RODASISALCOMTECALG300X32IMP2	TS 48 300 32 2 RODASISALCOMTECALG300X32IMP2	Roda Tela Sisal/Algodão 1A 200x13	0.421
PAGE 2	TS.48.300.32.4-RODASISALCOMTECALG300X32IMP4	TS 48 300 32 4 RODASISALCOMTECALG300X32IMP4	Roda Tela Sisal/Algodão 1A 200x13	0.421
PAGE 2	TS.48.350.32.2-RODASISALCOMTECALG350X32IMP2	TS 48 350 32 2 RODASISALCOMTECALG350X32IMP2	Roda Lisa Sisal/Algodão 1A 150x13	0.421
PAGE 3	RODAPGGR32040X250X85	RODAPGGR32040X250X85	Rodas PGS 30x150x25	0.615
PAGE 3	RODAPGGR32050X150X45	RODAPGGR32050X150X45	Rodas PGS 30x150x25	0.718
PAGE 3	RODAPGGR32050X250X85	RODAPGGR32050X250X85	Rodas PGS 30x150x25	0.667
PAGE 3	RODAPGGR32050X300X110	RODAPGGR32050X300X110	Rodas PGS 30x150x25	0.55
PAGE 3	RODAPGGR3650X150X45	RODAPGGR3650X150X45	Rodas PGS 30x150x25	0.737
PAGE 3	RODAPGGR3625X150X45	RODAPGGR3625X150X45	Rodas PGS 30x150x25	0.684
PAGE 3	RODAPGGR3650X250X85	RODAPGGR3650X250X85	Rodas PGS 30x150x25	0.632
PAGE 3	RODAPGGR3650X300X110	RODAPGGR3650X300X110	Rodas PGS 30x150x25	0.513
PAGE 3	RODAPGGR40025X150X45	RODAPGGR40025X150X45	Rodas PGS 30x150x25	0.667
PAGE 3	RODAPGGR40025X250X85	RODAPGGR40025X250X85	Rodas PGS 25x250x85 - qualquer grão	0.566
PAGE 3	RODAPGGR40040X250X85	RODAPGGR40040X250X85	Rodas PGS 30x150x25	0.564
PAGE 3	RODAPGGR40050X150X45	RODAPGGR40050X150X45	Rodas PGS 30x150x25	0.667
PAGE 3	RODAPGGR40050X250X85	RODAPGGR40050X250X85	Rodas PGS 30x150x25	0.615
PAGE 3	RODAPGGR5025X250X85	RODAPGGR5025X250X85	Roda PGS 50x250x85 - qualquer grão	0.588
PAGE 3	RODAPGGR5050X250X85	RODAPGGR5050X250X85	Rodas PGS 30x150x25	0.632
PAGE 3	RODAPGGR6025X150X45	RODAPGGR6025X150X45	Rodas PGS 30x150x25	0.684
PAGE 3	RODAPGGR6030X150X45	RODAPGGR6030X150X45	Rodas PGS 30x150x25	0.737
PAGE 3	RODAPGGR6050X150X45	RODAPGGR6050X150X45	Rodas PGS 30x150x25	0.684
PAGE 3	RODAPGGR6050X250X85	RODAPGGR6050X250X85	Rodas PGS 30x150x25	0.632
PAGE 3	RODAPGGR6050X300X110	RODAPGGR6050X300X110	Rodas PGS 30x150x25	0.513
PAGE 3	RODAPGGR60025X150X45	RODAPGGR60025X150X45	Rodas PGS 30x150x25	0.667
PAGE 3	RODAPGGR60025X250X85	RODAPGGR60025X250X85	Rodas PGS 25x250x85 - qualquer grão	0.566
PAGE 3	RODAPGGR60040X250X85	RODAPGGR60040X250X85	Rodas PGS 30x150x25	0.564
PAGE 3	RODAPGGR60050X150X45	RODAPGGR60050X150X45	Rodas PGS 30x150x25	0.667
PAGE 3	RODAPGGR60050X250X85	RODAPGGR60050X250X85	Rodas PGS 30x150x25	0.615
PAGE 3	RODAPGGR60050X300X110	RODAPGGR60050X300X110	Roda PG Mista Berwanger 100x50xM14	0.509
PAGE 3	RODAPGGR8025X150X45	RODAPGGR8025X150X45	Rodas PGS 30x150x25	0.684
PAGE 3	RODAPGGR8025X250X85	RODAPGGR8025X250X85	Rodas PGS 30x150x25	0.579
PAGE 3	RODAPGGR8030X150X25	RODAPGGR8030X150X25	Rodas PGS 30x150x25	0.789
PAGE 3	RODAPGGR8040X250X85	RODAPGGR8040X250X85	Rodas PGS 30x150x25	0.579
PAGE 3	RODAPGGR8050X150X45	RODAPGGR8050X150X45	Rodas PGS 30x150x25	0.684
PAGE 3	RODAPGGR8050X250X85	RODAPGGR8050X250X85	Rodas PGS 30x150x25	0.632
PAGE 3	RODAPGGR8050X300X110	RODAPGGR8050X300X110	Rodas PGS 30x150x25	0.513
PAGE 3	RODAPGGR80025X150X45	RODAPGGR80025X150X45	Rodas PGS 30x150x25	0.667
PAGE 3	RODAPGGR80050X150X45	RODAPGGR80050X150X45	Rodas PGS 30x150x25	0.667
PAGE 3	RODAPGMISTA100X50XM14GR120	RODAPGMISTA100X50XM14GR120	Roda PG Mista Berwanger 100x50xM14	0.7
PAGE 3	RODAPGMISTA100X50XM14GR180	RODAPGMISTA100X50XM14GR180	Roda PG Mista Berwanger 100x50xM14	0.7
PAGE 3	RODAPGMISTA100X50XM14GR240	RODAPGMISTA100X50XM14GR240	Roda PG Mista Berwanger 100x50xM14	0.7
PAGE 3	RODAPGMISTA100X50XM14GR320	RODAPGMISTA100X50XM14GR320	Roda PG Mista Berwanger 100x50xM14	0.7
PAGE 3	RODAPGMISTA100X50XM14GR80	RODAPGMISTA100X50XM14GR80	Roda PG Mista Berwanger 100x50xM14	0.712
PAGE 3	RODAPGMISTA115X20XM14GR180	RODAPGMISTA115X20XM14GR180	Roda PG Mista Berwanger 115x20xM14	0.7
PAGE 4	RODAPGGR10025X150X25	RODAPGGR10025X150X25	Rodas PGS 30x150x25	0.718
PAGE 4	RODAPGGR10025X150X45	RODAPGGR10025X150X45	Rodas PGS 30x150x25	0.667
PAGE 4	RODAPGGR10025X250X85	RODAPGGR10025X250X85	Rodas PGS 25x250x85 - qualquer grão	0.566
PAGE 4	RODAPGGR10030X150X45	RODAPGGR10030X150X45	Rodas PGS 30x150x25	0.718
PAGE 4	RODAPGGR10050X150X45	RODAPGGR10050X150X45	Rodas PGS 30x150x25	0.667
PAGE 4	RODAPGGR10050X250X85	RODAPGGR10050X250X85	Rodas PGS 30x150x25	0.615
PAGE 4	RODAPGGR12025X150X45	RODAPGGR12025X150X45	Rodas PGS 30x150x25	0.667
PAGE 4	RODAPGGR12025X250X85	RODAPGGR12025X250X85	Rodas PGS 25x250x85 - qualquer grão	0.566
PAGE 4	RODAPGGR12040X250X85	RODAPGGR12040X250X85	Rodas PGS 30x150x25	0.564
PAGE 4	RODAPGGR12050X150X45	RODAPGGR12050X150X45	Rodas PGS 30x150x25	0.667
PAGE 4	RODAPGGR12050X250X85	RODAPGGR12050X250X85	Rodas PGS 30x150x25	0.615
PAGE 4	RODAPGGR12050X300X110	RODAPGGR12050X300X110	Roda Brim 150x13	0.541
PAGE 4	RODAPGGR15025X150X25	RODAPGGR15025X150X25	Rodas PGS 30x150x25	0.718
PAGE 4	RODAPGGR15025X150X45	RODAPGGR15025X150X45	Rodas PGS 30x150x25	0.667
PAGE 4	RODAPGGR15025X250X85	RODAPGGR15025X250X85	Rodas PGS 30x150x25	0.615
PAGE 4	RODAPGGR15030X150X25	RODAPGGR15030X150X25	Rodas PGS 30x150x25	0.769
PAGE 4	RODAPGGR15050X150X45	RODAPGGR15050X150X45	Rodas PGS 30x150x25	0.667
PAGE 4	RODAPGGR15050X250X85	RODAPGGR15050X250X85	Rodas PGS 30x150x25	0.615
PAGE 4	RODAPGGR15050X300X110	RODAPGGR15050X300X110	Roda Brim 150x13	0.541
PAGE 4	RODAPGGR18025X150X45	RODAPGGR18025X150X45	Rodas PGS 30x150x25	0.667
PAGE 4	RODAPGGR18050X150X45	RODAPGGR18050X150X45	Rodas PGS 30x150x25	0.667
PAGE 4	RODAPGGR18050X250X85	RODAPGGR18050X250X85	Rodas PGS 30x150x25	0.615
PAGE 4	RODAPGGR22025X150X45	RODAPGGR22025X150X45	Rodas PGS 30x150x25	0.667
PAGE 4	RODAPGGR22025X250X85	RODAPGGR22025X250X85	Rodas PGS 25x250x85 - qualquer grão	0.566
PAGE 4	RODAPGGR22030X150X45	RODAPGGR22030X150X45	Rodas PGS 30x150x25	0.718
PAGE 4	RODAPGGR22040X250X85	RODAPGGR22040X250X85	Rodas PGS 30x150x25	0.564
PAGE 4	RODAPGGR22050X150X45	RODAPGGR22050X150X45	Rodas PGS 30x150x25	0.667
PAGE 4	RODAPGGR22050X250X85	RODAPGGR22050X250X85	Rodas PGS 30x150x25	0.615
PAGE 4	RODAPGGR22050X300X110	RODAPGGR22050X300X110	Rodas PGS 30x150x25	0.5
PAGE 4	RODAPGGR24025X150X45	RODAPGGR24025X150X45	Rodas PGS 30x150x25	0.667
PAGE 4	RODAPGGR24025X250X85	RODAPGGR24025X250X85	Rodas PGS 25x250x85 - qualquer grão	0.566
PAGE 4	RODAPGGR24050X150X45	RODAPGGR24050X150X45	Rodas PGS 30x150x25	0.667
PAGE 4	RODAPGGR24050X250X85	RODAPGGR24050X250X85	Rodas PGS 30x150x25	0.615
PAGE 4	RODAPGGR28025X150X45	RODAPGGR28025X150X45	Rodas PGS 30x150x25	0.667
PAGE 4	RODAPGGR28025X250X85	RODAPGGR28025X250X85	Rodas PGS 25x250x85 - qualquer grão	0.566
PAGE 4	RODAPGGR28050X150X45	RODAPGGR28050X150X45	Rodas PGS 30x150x25	0.667
PAGE 4	RODAPGGR28050X250X85	RODAPGGR28050X250X85	Rodas PGS 30x150x25	0.615
PAGE 4	RODAPGGR32025X150X25	RODAPGGR32025X150X25	Rodas PGS 30x150x25	0.769
PAGE 4	RODAPGGR32025X150X45	RODAPGGR32025X150X45	Rodas PGS 30x150x25	0.718
PAGE 4	RODAPGGR32025X250X85	RODAPGGR32025X250X85	Rodas PGS 30x150x25	0.615
PAGE 4	RODAPGGR32030X150X25	RODAPGGR32030X150X25	Rodas PGS 30x150x25	0.769
PAGE 5	P.A1.16.350.32.4X4-RODAPLISSADATECALGRESAMARELO350X	P A1 16 350 32 4X4 RODAPLISSADATECALGRESAMARELO350X	Roda Plissada Algodão Rosa 300x32	0.5
PAGE 5	P.C1.16.250.13.4X4-RODAPLISSADATECALGCRU250X13	P C1 16 250 13 4X4 RODAPLISSADATECALGCRU250X13	Roda Plissada Algodão Rosa 300x32	0.481
PAGE 5	P.C1.16.250.32.4X4-RODAPLISSADATECALGCRU250X32	P C1 16 250 32 4X4 RODAPLISSADATECALGCRU250X32	Roda Plissada Algodão Rosa 300x32	0.506
PAGE 5	P.D.16.400.32.4X4-RODAPLISSADATECALGRESDURO400X32	P D 16 400 32 4X4 RODAPLISSADATECALGRESDURO400X32	Roda Plissada Algodão Rosa 300x32	0.561
PAGE 5	P.R.16.120.60.8-RODALISATECALGROSAEXDURO60HASTE	P R 16 120 60 8 RODALISATECALGROSAEXDURO60HASTE	Roda Plissada Algodão Rosa 300x32	0.4
PAGE 5	P.R.16.250.13.4X4-RODAPLISSADAROSAEXTRADURO250X13	P R 16 250 13 4X4 RODAPLISSADAROSAEXTRADURO250X13	Roda Plissada Algodão Rosa 300x32	0.463
PAGE 5	P.R.16.250.32.4X4-RODAPLISSADAROSAEXTRADURO250X32	P R 16 250 32 4X4 RODAPLISSADAROSAEXTRADURO250X32	Roda Plissada Algodão Rosa 300x32	0.488
PAGE 5	P.R.16.300.32.4X4-RODAPLISSADAROSAEXTRADURO300X32	P R 16 300 32 4X4 RODAPLISSADAROSAEXTRADURO300X32	Roda Plissada Algodão Rosa 300x32	0.537
PAGE 5	P.R.16.350.32.4X4-RODAPLISSADAROSAEXTRADURO350X32	P R 16 350 32 4X4 RODAPLISSADAROSAEXTRADURO350X32	Roda Plissada Algodão Rosa 300x32	0.512
PAGE 5	P.R.16.400.32.4X4-RODAPLISSADAROSAEXTRADURO400X32	P R 16 400 32 4X4 RODAPLISSADAROSAEXTRADURO400X32	Roda Plissada Algodão Rosa 300x32	0.512
PAGE 5	PANO RECICLADO	PANO RECICLADO	Sebo - kilo	0.435
PAGE 5	PGCOMROSCA-PGM14115X20MMGR100	PGCOMROSCA PGM14115X20MMGR100	Roda PG com Rosca M14 115x20mm	0.746
PAGE 5	PGCOMROSCA-PGM14115X20MMGR120	PGCOMROSCA PGM14115X20MMGR120	Roda PG com Rosca M14 115x20mm	0.746
PAGE 5	PGCOMROSCA-PGM14115X20MMGR150	PGCOMROSCA PGM14115X20MMGR150	Roda PG com Rosca M14 115x20mm	0.746
PAGE 5	PGCOMROSCA-PGM14115X20MMGR180	PGCOMROSCA PGM14115X20MMGR180	Roda PG com Rosca M14 115x20mm	0.746
PAGE 5	PGCOMROSCA-PGM14115X20MMGR220	PGCOMROSCA PGM14115X20MMGR220	Roda PG com Rosca M14 115x20mm	0.746
PAGE 5	PGCOMROSCA-PGM14115X20MMGR240	PGCOMROSCA PGM14115X20MMGR240	Roda PG com Rosca M14 115x20mm	0.746
PAGE 5	PGCOMROSCA-PGM14115X20MMGR320	PGCOMROSCA PGM14115X20MMGR320	Roda PG com Rosca M14 115x20mm	0.746
PAGE 5	PGCOMROSCA-PGM14115X20MMGR60	PGCOMROSCA PGM14115X20MMGR60	Roda PG com Rosca M14 115x20mm	0.759
PAGE 5	PGCOMROSCA-PGM14115X20MMGR80	PGCOMROSCA PGM14115X20MMGR80	Roda PG com Rosca M14 115x20mm	0.759
PAGE 5	PGCOMROSCAMISTO-PGLIXASCOTHBRITEM14115X2OMM80,180	PGCOMROSCAMISTO PGLIXASCOTHBRITEM14115X2OMM80 180	PG Misto Scoth Brite 25x150	0.553
PAGE 5	PGCOMROSCAMISTO-PGLIXASCOTHBRITEM14115X5OMM80,180	PGCOMROSCAMISTO PGLIXASCOTHBRITEM14115X5OMM80 180	PG Misto Scoth Brite 25x150	0.553
PAGE 5	POLIAALGODAO-POLIAALGODAO15OX13	POLIAALGODAO POLIAALGODAO15OX13	Roda Lisa Sisal/Algodão 1A 150x13	0.562
PAGE 5	POLIAALGODAO-POLIAALGODAO20OX13	POLIAALGODAO POLIAALGODAO20OX13	Roda Tela Sisal/Algodão 1A 200x13	0.562
PAGE 5	POLIAALGODAO-POLIAALGODAO25OX13	POLIAALGODAO POLIAALGODAO25OX13	Roda Ventilada Algodão Rosa 250x13	0.554
PAGE 5	POLIAALGODAO-POLIAALGODAO25OX32	POLIAALGODAO POLIAALGODAO25OX32	Roda Plissada Algodão Rosa 300x32	0.531
PAGE 5	POLIAALGODAO-POLIAALGODAO30OX25	POLIAALGODAO POLIAALGODAO30OX25	Roda Plissada Algodão Rosa 300x32	0.562
PAGE 5	POLIAALGODAO-POLIAALGODAO30OX32	POLIAALGODAO POLIAALGODAO30OX32	Roda Plissada Algodão Rosa 300x32	0.594
PAGE 5	POLIADEBRIM110X13	POLIADEBRIM110X13	Roda Brim 150x13	0.667
PAGE 5	POLIADEBRIM150X13	POLIADEBRIM150X13	Roda Brim 150x13	0.727
PAGE 5	POLIADEBRIM200X13	POLIADEBRIM200X13	Roda Brim 150x13	0.606
PAGE 5	POLIADEBRIM250X13	POLIADEBRIM250X13	Roda Brim 150x13	0.667
PAGE 5	POLIADEBRIM250X32	POLIADEBRIM250X32	Escova de Fibra 250x32	0.615
PAGE 5	POLIADEBRIM300X32	POLIADEBRIM300X32	Escova de Fibra 350x32	0.564
PAGE 5	RODAPG115X20XM14GR120	RODAPG115X20XM14GR120	Roda PG Mista Berwanger 115x20xM14	0.582
PAGE 5	RODAPG115X20XM14GR150	RODAPG115X20XM14GR150	Roda PG Mista Berwanger 115x20xM14	0.582
PAGE 5	RODAPG115X20XM14GR240	RODAPG115X20XM14GR240	Roda PG Mista Berwanger 115x20xM14	0.582
PAGE 5	RODAPG115X20XM14GR320	RODAPG115X20XM14GR320	Rodas PGS 25x150x45 - grãos 36 a 280	0.582
PAGE 5	RODAPG115X20XM14GR60	RODAPG115X20XM14GR60	Roda PG Mista Berwanger 115x20xM14	0.593
PAGE 5	RODAPG115X20XM14GR80	RODAPG115X20XM14GR80	Roda PG Mista Berwanger 115x20xM14	0.593
PAGE 5	RODAPGG36AOG60025X300X110	RODAPGG36AOG60025X300X110	Rodas PGS 30x150x25	0.5
PAGE 6	LIXAVERMELHA-CINTADELIXALS309XG22075X2300	LIXAVERMELHA CINTADELIXALS309XG22075X2300	Lixa CS922Y 50x1200	0.5
PAGE 6	LIXAVERMELHA-CINTADELIXALS309XHG10075X2300	LIXAVERMELHA CINTADELIXALS309XHG10075X2300	Lixa Amarela LS312JF 50x1200	0.486
PAGE 6	LIXAVERMELHA-CINTADELIXALS309XHG15075X2300	LIXAVERMELHA CINTADELIXALS309XHG15075X2300	Lixa Amarela LS312JF 50x1200	0.543
PAGE 6	LIXAVERMELHA-CINTADELIXALS309XHG8075X2300	LIXAVERMELHA CINTADELIXALS309XHG8075X2300	Lixa Amarela LS312JF 50x1200	0.493
PAGE 6	LS.23.200.13.2.0,5-RODALISASISALCOMTEC200X13IMP2	LS 23 200 13 2 0 5 RODALISASISALCOMTEC200X13IMP2	Roda Lisa Sisal/Algodão 1A 150x13	0.444
PAGE 6	LS.23.200.13.6.0,5-RODALISASISALCOMTEC200X13IMP6	LS 23 200 13 6 0 5 RODALISASISALCOMTEC200X13IMP6	Roda Lisa Sisal/Algodão 1A 150x13	0.444
PAGE 6	LS.23.200.13.8.0,5-RODALISASISALCOMTECALG200X13IMP	LS 23 200 13 8 0 5 RODALISASISALCOMTECALG200X13IMP	Roda Lisa Sisal/Algodão 1A 150x13	0.482
PAGE 6	LS.78.200.13.4-RODALISASISALCOMTECALG200X13IMP4	LS 78 200 13 4 RODALISASISALCOMTECALG200X13IMP4	Roda Lisa Sisal/Algodão 1A 150x13	0.5
PAGE 6	LS.89.110.13.4-RODALISASISALCOMTECALG110X13IMP4	LS 89 110 13 4 RODALISASISALCOMTECALG110X13IMP4	Roda Lisa Sisal/Algodão 1A 150x13	0.55
PAGE 6	LS.89.150.13.1A-RODALISASISALCOMTECALG150X13IMP1	LS 89 150 13 1A RODALISASISALCOMTECALG150X13IMP1	Roda Lisa Sisal/Algodão 1A 150x13	0.543
PAGE 6	LS.89.150.13.4-RODALISASISALCOMTECALG150X13IMP.4	LS 89 150 13 4 RODALISASISALCOMTECALG150X13IMP 4	Roda Lisa Sisal/Algodão 1A 150x13	0.543
PAGE 6	LS.89.200.13.1A-RODALISASISALCOMTECALG200X13IMP.1A	LS 89 200 13 1A RODALISASISALCOMTECALG200X13IMP 1A	Roda Lisa Sisal/Algodão 1A 150x13	0.482
PAGE 6	LUVAPANO	LUVAPANO	Luva de Pano	0.8
PAGE 6	LUVARASPALONGAP.20	LUVARASPALONGAP 20	Luva de Raspa Longa	0.757
PAGE 6	LUVARASPAP7	LUVARASPAP7	Luva Raspa Curta	0.667
PAGE 6	LUVAVAQUETAMISTAP7	LUVAVAQUETAMISTAP7	Luva Vaqueta Mista	0.889
PAGE 6	LUVAVAQUETAP7	LUVAVAQUETAP7	Luva Vaqueta Mista	0.71
PAGE 6	MANGOTECOMFIVELA	MANGOTECOMFIVELA	Mangote de Raspa	0.562
PAGE 6	MANTAABRASIVA125X24OMMMARROMFINA	MANTAABRASIVA125X24OMMMARROMFINA	Massa Marrom	0.409
PAGE 6	MANTAABRASIVA125X24OMMMARRONMEDIA	MANTAABRASIVA125X24OMMMARRONMEDIA	Massa Marrom	0.4
PAGE 6	MASSAOLGAO2-MASSASOLIDALUSTROMAX(BARRA)	MASSAOLGAO2 MASSASOLIDALUSTROMAX BARRA	Massa Marrom	0.44
PAGE 6	MASSAOLGAO2-MASSASOLIDALUSTROMAX(KILOCAIXAFECHADA)	MASSAOLGAO2 MASSASOLIDALUSTROMAX KILO	Massa Olga 02 - kilo	0.545
PAGE 6	MASSAOLGA04-MASSASOLIDALUSTROMAX(BARRA)	MASSAOLGA04 MASSASOLIDALUSTROMAX BARRA	Massa Marrom	0.44
PAGE 6	MASSAOLGA04-MASSASOLIDALUSTROMAX(KILOCAIXAFECHADA)	MASSAOLGA04 MASSASOLIDALUSTROMAX KILO	Massa Olga 02 - kilo	0.545
PAGE 6	MS.AZ.P1.G4-MASSASOLIDAAZUL(BARRA)	MS AZ P1 G4 MASSASOLIDAAZUL BARRA	Massa Azul	0.419
PAGE 6	MS.AZ.P1.G4-MASSASOLIDAAZUL(KILOCAIXAFECHADA)	MS AZ P1 G4 MASSASOLIDAAZUL KILO	Massa Olga 02 - kilo	0.52
PAGE 6	MS.B.P6.G12-MASSASOLIDABRANCA(BARRA)	MS B P6 G12 MASSASOLIDABRANCA BARRA	Massa Branca	0.468
PAGE 6	MS.B.P6.G12-MASSASOLIDABRANCA(KILOCAIXAFECHADA)	MS B P6 G12 MASSASOLIDABRANCA KILO	Massa Olga 02 - kilo	0.5
PAGE 6	MS.CZ.AAA-MASSASOLIDACINZA(BARRA)	MS CZ AAA MASSASOLIDACINZA BARRA	Massa Branca	0.409
PAGE 6	MS.LL.P1O-MASSASOLIDALILAS(KILOCAIXAFECHADA)(MADEIRA)	MS LL P1O MASSASOLIDALILAS KILO MADEIRA	Massa Olga 02 - kilo	0.456
PAGE 6	MS.LL.P1O-MASSASOLIDALILASEMBARRA(BARRA)(MADEIRA)	MS LL P1O MASSASOLIDALILASEMBARRA BARRA MADEIRA	Massa Marrom	0.339
PAGE 6	MS.LL.P5.BRE-MASSASOLIDALILAS(BARRA）(INOX)	MS LL P5 BRE MASSASOLIDALILAS BARRA INOX	Massa Branca	0.385
PAGE 6	MS.LL.P5.BRE-MASSASOLIDALILAS(KILOCAIXAFECHADA)(INOX)	MS LL P5 BRE MASSASOLIDALILAS KILO INOX	Massa Olga 02 - kilo	0.456
PAGE 6	MS.M.P4-MASSASOLIDAMARROM	MS M P4 MASSASOLIDAMARROM	Massa Marrom	0.595
PAGE 6	MS.R.P1.G6-MASSASOLIDAROSA(BARRA)	MS R P1 G6 MASSASOLIDAROSA BARRA	Massa Rosa	0.429
PAGE 6	MS.R.P1.G6-MASSASOLIDAROSA(KILOCAIXAFECHADA)	MS R P1 G6 MASSASOLIDAROSA KILO	Massa Olga 02 - kilo	0.531
PAGE 6	P.A1.16.250.13.4X4-RODAPLISSADATECALGAMARELA250X13	P A1 16 250 13 4X4 RODAPLISSADATECALGAMARELA250X13	Roda Ventilada Algodão Amarela 200x13	0.529
PAGE 6	P.A1.16.250.32.4X4-RODAPLISSADATECALGAMARELO250X32	P A1 16 250 32 4X4 RODAPLISSADATECALGAMARELO250X32	Roda Plissada Algodão Rosa 300x32	0.506
PAGE 6	P.A1.16.300.32.4X4-RODAPLISSADATECALGRESAMARELO300X3	P A1 16 300 32 4X4 RODAPLISSADATECALGRESAMARELO300X3	Roda Plissada Algodão Rosa 300x32	0.541
PAGE 6	P.A1.16.300.45.4X4-RODAPLISSADATECALGRESAMARELO300X4	P A1 16 300 45 4X4 RODAPLISSADATECALGRESAMARELO300X4	Roda Plissada Algodão Rosa 300x32	0.518
PAGE 6	P.A1.16.300.51.CH.4X4-RODAPLISSADATECAMARELO300X51CHA	P A1 16 300 51 CH 4X4 RODAPLISSADATECAMARELO300X51CHA	Roda Plissada Algodão Rosa 300x32	0.465
PAGE 7	LIXAMARRON-CINTADELIXAKA169G15050X2000	LIXAMARRON CINTADELIXAKA169G15050X2000	Lixa Marrom Deerfos KA169 50x2000	0.676
PAGE 7	LIXAMARRON-CINTADELIXAKA169G15050X2700	LIXAMARRON CINTADELIXAKA169G15050X2700	Lixa Marrom Deerfos KA169 50x2000	0.648
PAGE 7	LIXAMARRON-CINTADELIXAKA169G15070X2300	LIXAMARRON CINTADELIXAKA169G15070X2300	Lixa Marrom Deerfos KA169 50x2000	0.648
PAGE 7	LIXAMARRON-CINTADELIXAKA169G22050X2000	LIXAMARRON CINTADELIXAKA169G22050X2000	Lixa Marrom Deerfos KA169 50x2000	0.676
PAGE 7	LIXAMARRON-CINTADELIXAKA169G22050X2700	LIXAMARRON CINTADELIXAKA169G22050X2700	Lixa Marrom Deerfos KA169 50x2000	0.648
PAGE 7	LIXAMARRON-CINTADELIXAKA169G22070X2300	LIXAMARRON CINTADELIXAKA169G22070X2300	Lixa Marrom Deerfos KA169 50x2000	0.62
PAGE 7	LIXAMARRON-CINTADELIXAKA169G32050X2000	LIXAMARRON CINTADELIXAKA169G32050X2000	Lixa Marrom Deerfos KA169 50x2000	0.676
PAGE 7	LIXAMARRON-CINTADELIXAKA169G32050X2700	LIXAMARRON CINTADELIXAKA169G32050X2700	Lixa Marrom Deerfos KA169 50x2000	0.648
PAGE 7	LIXAMARRON-CINTADELIXAKA169G32070X2300	LIXAMARRON CINTADELIXAKA169G32070X2300	Lixa Marrom Deerfos KA169 50x2000	0.62
PAGE 7	LIXAMARRON-CINTADELIXAKA169G3650X2000	LIXAMARRON CINTADELIXAKA169G3650X2000	Lixa Marrom Deerfos KA169 50x2000	0.686
PAGE 7	LIXAMARRON-CINTADELIXAKA169G3650X2700	LIXAMARRON CINTADELIXAKA169G3650X2700	Lixa Marrom Deerfos KA169 50x2000	0.657
PAGE 7	LIXAMARRON-CINTADELIXAKA169G40050X2000	LIXAMARRON CINTADELIXAKA169G40050X2000	Lixa Marrom Deerfos KA169 50x2000	0.676
PAGE 7	LIXAMARRON-CINTADELIXAKA169G40050X2700	LIXAMARRON CINTADELIXAKA169G40050X2700	Lixa Marrom Deerfos KA169 50x2000	0.648
PAGE 7	LIXAMARRON-CINTADELIXAKA169G40070X2300	LIXAMARRON CINTADELIXAKA169G40070X2300	Lixa Marrom Deerfos KA169 50x2000	0.62
PAGE 7	LIXAMARRON-CINTADELIXAKA169G6050X2000	LIXAMARRON CINTADELIXAKA169G6050X2000	Lixa Marrom Deerfos KA169 50x2000	0.686
PAGE 7	LIXAMARRON-CINTADELIXAKA169G6050X2700	LIXAMARRON CINTADELIXAKA169G6050X2700	Lixa Marrom Deerfos KA169 50x2000	0.657
PAGE 7	LIXAMARRON-CINTADELIXAKA169G60050X2000	LIXAMARRON CINTADELIXAKA169G60050X2000	Lixa Marrom Deerfos KA169 50x2000	0.676
PAGE 7	LIXAMARRON-CINTADELIXAKA169G60050X2700	LIXAMARRON CINTADELIXAKA169G60050X2700	Lixa Marrom Deerfos KA169 50x2000	0.648
PAGE 7	LIXAMARRON-CINTADELIXAKA169G8050X2000	LIXAMARRON CINTADELIXAKA169G8050X2000	Lixa Marrom Deerfos KA169 50x2000	0.686
PAGE 7	LIXAMARRON-CINTADELIXAKA169G8050X2700	LIXAMARRON CINTADELIXAKA169G8050X2700	Lixa Marrom Deerfos KA169 50x2000	0.657
PAGE 7	LIXAMARRON-CINTADELIXAKA169G8070X2300	LIXAMARRON CINTADELIXAKA169G8070X2300	Lixa Marrom Deerfos KA169 50x2000	0.629
PAGE 7	LIXARECICLADA100X3000	LIXARECICLADA100X3000	Lixa Bora 7 LS990S 50x2000	0.511
PAGE 7	LIXARECICLADA50X1200	LIXARECICLADA50X1200	Lixa Amarela LS312JF 50x1200	0.625
PAGE 7	LIXARECICLADA50X2000	LIXARECICLADA50X2000	Lixa Amarela LS312JF 50x1200	0.583
PAGE 7	LIXARECICLADA50X2700	LIXARECICLADA50X2700	Lixa Amarela LS312JF 50x1200	0.583
PAGE 7	LIXAVERDE-CINTADELIXAG12050X1200	LIXAVERDE CINTADELIXAG12050X1200	Lixa Amarela LS312JF 50x1200	0.567
PAGE 7	LIXAVERDE-CINTADELIXAG12050X2000	LIXAVERDE CINTADELIXAG12050X2000	Lixa Bora 7 LS990S 50x2000	0.517
PAGE 7	LIXAVERMELHA-CINTADELIXACS310XG22050X2000	LIXAVERMELHA CINTADELIXACS310XG22050X2000	Lixa Amarela LS312JF 50x1200	0.58
PAGE 7	LIXAVERMELHA-CINTADELIXACS310XG40050X2000	LIXAVERMELHA CINTADELIXACS310XG40050X2000	Lixa Amarela LS312JF 50x1200	0.551
PAGE 7	LIXAVERMELHA-CINTADELIXACS310XG40075X2300	LIXAVERMELHA CINTADELIXACS310XG40075X2300	Lixa Amarela LS312JF 50x1200	0.493
PAGE 7	LIXAVERMELHA-CINTADELIXACS922YG10050X2000	LIXAVERMELHA CINTADELIXACS922YG10050X2000	Lixa CS922Y 50x1200	0.567
PAGE 7	LIXAVERMELHA-CINTADELIXACS922YG12050X1200	LIXAVERMELHA CINTADELIXACS922YG12050X1200	Lixa CS922Y 50x1200	0.6
PAGE 7	LIXAVERMELHA-CINTADELIXACS922YG12050X1500	LIXAVERMELHA CINTADELIXACS922YG12050X1500	Lixa CS922Y 50x1200	0.567
PAGE 7	LIXAVERMELHA-CINTADELIXACS922YG12050X2000	LIXAVERMELHA CINTADELIXACS922YG12050X2000	Lixa Bora 7 LS990S 50x2000	0.537
PAGE 7	LIXAVERMELHA-CINTADELIXACS922YG15050X2000	LIXAVERMELHA CINTADELIXACS922YG15050X2000	Lixa CS922Y 50x1200	0.567
PAGE 7	LIXAVERMELHA-CINTADELIXACS922YG18050X2000	LIXAVERMELHA CINTADELIXACS922YG18050X2000	Lixa CS922Y 50x1200	0.567
PAGE 7	LIXAVERMELHA-CINTADELIXACS922YG3650X2000	LIXAVERMELHA CINTADELIXACS922YG3650X2000	Lixa CS922Y 50x1200	0.576
PAGE 7	LIXAVERMELHA-CINTADELIXACS922YG5050X2000	LIXAVERMELHA CINTADELIXACS922YG5050X2000	Lixa CS922Y 50x1200	0.576
PAGE 7	LIXAVERMELHA-CINTADELIXACS922YG6050X2000	LIXAVERMELHA CINTADELIXACS922YG6050X2000	Lixa CS922Y 50x1200	0.576
PAGE 7	LIXAVERMELHA-CINTADELIXACS922YG8050X1200	LIXAVERMELHA CINTADELIXACS922YG8050X1200	Lixa CS922Y 50x1200	0.61
PAGE 7	LIXAVERMELHA-CINTADELIXACS922YG8050X2000	LIXAVERMELHA CINTADELIXACS922YG8050X2000	Lixa CS922Y 50x1200	0.576
PAGE 8	LIXAAMARELA-CINTADELIXALS312JFG15050X2700	LIXAAMARELA CINTADELIXALS312JFG15050X2700	Lixa Amarela LS312JF 50x1200	0.725
PAGE 8	LIXAAMARELA-CINTADELIXALS312JFG15075X2300	LIXAAMARELA CINTADELIXALS312JFG15075X2300	Lixa Amarela LS312JF 50x1200	0.725
PAGE 8	LIXAAMARELA-CINTADELIXALS312JFG18050X2000	LIXAAMARELA CINTADELIXALS312JFG18050X2000	Lixa Amarela LS312JF 50x1200	0.725
PAGE 8	LIXAAMARELA-CINTADELIXALS312JFG22050X1200	LIXAAMARELA CINTADELIXALS312JFG22050X1200	Lixa Amarela LS312JF 50x1200	0.754
PAGE 8	LIXAAMARELA-CINTADELIXALS312JFG22050X1400	LIXAAMARELA CINTADELIXALS312JFG22050X1400	Lixa Amarela LS312JF 50x1200	0.725
PAGE 8	LIXAAMARELA-CINTADELIXALS312JFG22050X2000	LIXAAMARELA CINTADELIXALS312JFG22050X2000	Lixa Amarela LS312JF 50x1200	0.725
PAGE 8	LIXAAMARELA-CINTADELIXALS312JFG22075X2300	LIXAAMARELA CINTADELIXALS312JFG22075X2300	Lixa Amarela LS312JF 50x1200	0.638
PAGE 8	LIXAAMARELA-CINTADELIXALS312JFG32050X1400	LIXAAMARELA CINTADELIXALS312JFG32050X1400	Lixa Amarela LS312JF 50x1200	0.725
PAGE 8	LIXAAMARELA-CINTADELIXALS312JFG32050X2000	LIXAAMARELA CINTADELIXALS312JFG32050X2000	Lixa Amarela LS312JF 50x1200	0.725
PAGE 8	LIXAAMARELA-CINTADELIXALS312JFG32075X2300	LIXAAMARELA CINTADELIXALS312JFG32075X2300	Lixa Amarela LS312JF 50x1200	0.638
PAGE 8	LIXAAMARELA-CINTADELIXALS312JFG40050X1400	LIXAAMARELA CINTADELIXALS312JFG40050X1400	Lixa Amarela LS312JF 50x1200	0.725
PAGE 8	LIXAAMARELA-CINTADELIXALS312JFG40050X2000	LIXAAMARELA CINTADELIXALS312JFG40050X2000	Lixa Amarela LS312JF 50x1200	0.725
PAGE 8	LIXAAMARELA-CINTADELIXALS312JFG40075X2300	LIXAAMARELA CINTADELIXALS312JFG40075X2300	Lixa Amarela LS312JF 50x1200	0.609
PAGE 8	LIXAAMARELA-CINTADELIXALS312JFG6050X2000	LIXAAMARELA CINTADELIXALS312JFG6050X2000	Lixa Amarela LS312JF 50x1200	0.735
PAGE 8	LIXAAMARELA-CINTADELIXALS312JFG8050X2000	LIXAAMARELA CINTADELIXALS312JFG8050X2000	Lixa Amarela LS312JF 50x1200	0.735
PAGE 8	LIXAAMARELA-CINTADELIXALS312JFG8075X2300	LIXAAMARELA CINTADELIXALS312JFG8075X2300	Lixa Amarela LS312JF 50x1200	0.706
PAGE 8	LIXAAZUL-CINTADELIXAJS997G22050X2700	LIXAAZUL CINTADELIXAJS997G22050X2700	Lixa CS922Y 50x1200	0.582
PAGE 8	LIXAAZUL-CINTADELIXAJS997G6050X2000	LIXAAZUL CINTADELIXAJS997G6050X2000	Lixa Bora 7 LS990S 50x2000	0.557
PAGE 8	LIXAAZUL-CINTADELIXAXZ677G2450X2000	LIXAAZUL CINTADELIXAXZ677G2450X2000	Cinta Zircônia Deerfos XZ677 50x2000	0.535
PAGE 8	LIXAAZUL-CINTADELIXAXZ677G3650X1200	LIXAAZUL CINTADELIXAXZ677G3650X1200	Lixa Amarela LS312JF 50x1200	0.54
PAGE 8	LIXAAZUL-CINTADELIXAXZ677G3650X2000	LIXAAZUL CINTADELIXAXZ677G3650X2000	Cinta Zircônia Deerfos XZ677 50x2000	0.535
PAGE 8	LIXABORA7-CINTADELIXAPS990SG3650X1000	LIXABORA7 CINTADELIXAPS990SG3650X1000	Lixa Bora 7 LS990S 50x1000	0.73
PAGE 8	LIXABORA7-CINTADELIXAPS990SG3650X1200	LIXABORA7 CINTADELIXAPS990SG3650X1200	Lixa Bora 7 LS990S 50x1000	0.698
PAGE 8	LIXABORA7-CINTADELIXAPS990SG3650X1500	LIXABORA7 CINTADELIXAPS990SG3650X1500	Lixa Bora 7 LS990S 50x1500	0.73
PAGE 8	LIXABORA7-CINTADELIXAPS990SG3650X2000	LIXABORA7 CINTADELIXAPS990SG3650X2000	Lixa Bora 7 LS990S 50x2000	0.73
PAGE 8	LIXABORA7-CINTADELIXAPS990SG3650X2700	LIXABORA7 CINTADELIXAPS990SG3650X2700	Lixa Bora 7 LS990S 50x2000	0.698
PAGE 8	LIXABORA7-CINTADELIXAPS990SG3650X3000	LIXABORA7 CINTADELIXAPS990SG3650X3000	Lixa Bora 7 LS990S 50x1000	0.698
PAGE 8	LIXABORA7-CINTADELIXAPS990SG5050X1000	LIXABORA7 CINTADELIXAPS990SG5050X1000	Lixa Bora 7 LS990S 50x1000	0.73
PAGE 8	LIXABORA7-CINTADELIXAPS990SG5050X1200	LIXABORA7 CINTADELIXAPS990SG5050X1200	Lixa Bora 7 LS990S 50x1000	0.698
PAGE 8	LIXABORA7-CINTADELIXAPS990SG5050X1500	LIXABORA7 CINTADELIXAPS990SG5050X1500	Lixa Bora 7 LS990S 50x1500	0.73
PAGE 8	LIXABORA7-CINTADELIXAPS990SG5050X2000	LIXABORA7 CINTADELIXAPS990SG5050X2000	Lixa Bora 7 LS990S 50x2000	0.73
PAGE 8	LIXABORA7-CINTADELIXAPS990SG6060X1860	LIXABORA7 CINTADELIXAPS990SG6060X1860	Lixa Bora 7 LS990S 50x1000	0.635
PAGE 8	LIXABORA7-CINTADELIXAPS990SG8060X1860	LIXABORA7 CINTADELIXAPS990SG8060X1860	Lixa Bora 7 LS990S 50x1000	0.635
PAGE 8	LIXAMARROM-CINTADELIXAKA169G60150X6000	LIXAMARROM CINTADELIXAKA169G60150X6000	Lixa Marrom Deerfos KA169 50x2000	0.676
PAGE 8	LIXAMARRON-CINTADELIXAKA169G10050X2000	LIXAMARRON CINTADELIXAKA169G10050X2000	Lixa Marrom Deerfos KA169 50x2000	0.676
PAGE 8	LIXAMARRON-CINTADELIXAKA169G10050X2700	LIXAMARRON CINTADELIXAKA169G10050X2700	Lixa Marrom Deerfos KA169 50x2000	0.648
PAGE 8	LIXAMARRON-CINTADELIXAKA169G10050X3000	LIXAMARRON CINTADELIXAKA169G10050X3000	Lixa Marrom Deerfos KA169 50x2000	0.648
PAGE 8	LIXAMARRON-CINTADELIXAKA169G10070X2300	LIXAMARRON CINTADELIXAKA169G10070X2300	Lixa Marrom Deerfos KA169 50x2000	0.62
PAGE 8	LIXAMARRON-CINTADELIXAKA169G12050X2000	LIXAMARRON CINTADELIXAKA169G12050X2000	Lixa Marrom Deerfos KA169 50x2000	0.676
PAGE 8	LIXAMARRON-CINTADELIXAKA169G12050X2700	LIXAMARRON CINTADELIXAKA169G12050X2700	Lixa Marrom Deerfos KA169 50x2000	0.648
PAGE 8	LIXAMARRON-CINTADELIXAKA169G12070X2300	LIXAMARRON CINTADELIXAKA169G12070X2300	Lixa Marrom Deerfos KA169 50x2000	0.62
PAGE 9	L.A1.40.150.13-RODALISATECALGRESAMARELO150X13	L A1 40 150 13 RODALISATECALGRESAMARELO150X13	Roda Lisa Sisal/Algodão 1A 150x13	0.487
PAGE 9	L.A1.40.200.13-RODALISATECALGRESAMARELO200X13	L A1 40 200 13 RODALISATECALGRESAMARELO200X13	Roda Ventilada Algodão Amarela 200x13	0.512
PAGE 9	L.AZ3.40.200.13-RODALISATECALGRESAZUL200X13	L AZ3 40 200 13 RODALISATECALGRESAZUL200X13	Roda Tela Sisal/Algodão 1A 200x13	0.474
PAGE 9	L.C1.50.250.324C-RODALISATECALGCRU250X324COSTURA	L C1 50 250 324C RODALISATECALGCRU250X324COSTURA	Roda Plissada Algodão Rosa 300x32	0.395
PAGE 9	LAMINADEINOX	LAMINADEINOX	Luva de Pano	0.5
PAGE 9	LI.KA169GR400.50.444-CINTADELIXAKA169GR40050X444	LI KA169GR400 50 444 CINTADELIXAKA169GR40050X444	Cinta de Lixa KA169 50x444	0.405
PAGE 9	LI.KA169.GR100.50.444-CINTADELIXAKA169GR10050X444	LI KA169 50 444 CINTADELIXAKA169GR10050X444	Cinta de Lixa KA169 50x444	0.435
PAGE 9	LI.KA169.GR120.50.444-CINTADELIXAKA169GR12050X444	LI KA169 50 444 CINTADELIXAKA169GR12050X444	Cinta de Lixa KA169 50x444	0.435
PAGE 9	LI.KA169.GR150.50.444-CINTADELIXAKA169GR15050X444	LI KA169 50 444 CINTADELIXAKA169GR15050X444	Cinta de Lixa KA169 50x444	0.435
PAGE 9	LI.KA169.GR220.50.444-CINTADELIXAKA169GR22050X444	LI KA169 50 444 CINTADELIXAKA169GR22050X444	Cinta de Lixa KA169 50x444	0.435
PAGE 9	LI.KA169.GR320.50.444-CINTADELIXAKA169GR32050X444	LI KA169 50 444 CINTADELIXAKA169GR32050X444	Cinta de Lixa KA169 50x444	0.435
PAGE 9	LI.KA169.GR50.50.444-CINTADELIXAKA169GR5050X444	LI KA169 50 444 CINTADELIXAKA169GR5050X444	Cinta de Lixa KA169 50x444	0.441
PAGE 9	LI.KA169.GR600.50.444-CINTADELIXAKA169GR60050X444	LI KA169 50 444 CINTADELIXAKA169GR60050X444	Cinta de Lixa KA169 50x444	0.435
PAGE 9	LI.KA169.GR80.50.444-CINTADELIXAKA169GR8050X444	LI KA169 50 444 CINTADELIXAKA169GR8050X444	Cinta de Lixa KA169 50x444	0.441
PAGE 9	LI.PZ528.G36.50.2000-CINTALIXAPZ528GR3650X2000	LI PZ528 G36 50 2000 CINTALIXAPZ528GR3650X2000	Cinta Zircônia Deerfos XZ677 50x2000	0.39
PAGE 9	LI.XA167.G150.50.2000-CINTALIXAXA167GR15050X2000	LI XA167 G150 50 2000 CINTALIXAXA167GR15050X2000	Cinta de Lixa KA169 50x444	0.405
PAGE 9	LI.XZ677.G24.300-DISCOLIXAREDDEERFOSXZ677GR24	LI XZ677 G24 300 DISCOLIXAREDDEERFOSXZ677GR24	Disco de Lixa Red Deerfos 300	0.514
PAGE 9	LI.XZ677.G36.300-DISCOLIXAREDDEERFOS.XZ677GR36	LI XZ677 G36 300 DISCOLIXAREDDEERFOS XZ677GR36	Disco de Lixa Red Deerfos 300	0.56
PAGE 9	LIXA50X1200GR100	LIXA50X1200GR100	Lixa CS922Y 50x1200	0.629
PAGE 9	LIXA50X1200GR120	LIXA50X1200GR120	Lixa CS922Y 50x1200	0.629
PAGE 9	LIXA50X1200GR150	LIXA50X1200GR150	Lixa CS922Y 50x1200	0.629
PAGE 9	LIXA50X1200GR220	LIXA50X1200GR220	Lixa CS922Y 50x1200	0.629
PAGE 9	LIXA50X1200GR320	LIXA50X1200GR320	Lixa CS922Y 50x1200	0.629
PAGE 9	LIXA50X1200GR36	LIXA50X1200GR36	Lixa CS922Y 50x1200	0.647
PAGE 9	LIXA50X1200GR400	LIXA50X1200GR400	Lixa CS922Y 50x1200	0.629
PAGE 9	LIXA50X1200GR50	LIXA50X1200GR50	Lixa CS922Y 50x1200	0.647
PAGE 9	LIXA50X1200GR600	LIXA50X1200GR600	Lixa CS922Y 50x1200	0.629
PAGE 9	LIXA50X1200GR80	LIXA50X1200GR80	Lixa CS922Y 50x1200	0.647
PAGE 9	LIXA50X1400GR120	LIXA50X1400GR120	Lixa CS922Y 50x1200	0.571
PAGE 9	LIXA50X1400GR150	LIXA50X1400GR150	Lixa CS922Y 50x1200	0.571
PAGE 9	LIXA50X1400GR220	LIXA50X1400GR220	Lixa CS922Y 50x1200	0.571
PAGE 9	LIXA50X1400GR320	LIXA50X1400GR320	Lixa CS922Y 50x1200	0.571
PAGE 9	LIXA50X1400GR400	LIXA50X1400GR400	Lixa CS922Y 50x1200	0.571
PAGE 9	LIXA50X1400GR600	LIXA50X1400GR600	Lixa CS922Y 50x1200	0.571
PAGE 9	LIXAAMARELA-CINTADELIXALS312JFG10050X1200	LIXAAMARELA CINTADELIXALS312JFG10050X1200	Lixa Amarela LS312JF 50x1200	0.754
PAGE 9	LIXAAMARELA-CINTADELIXALS312JFG10050X2000	LIXAAMARELA CINTADELIXALS312JFG10050X2000	Lixa Amarela LS312JF 50x1200	0.725
PAGE 9	LIXAAMARELA-CINTADELIXALS312JFG10050X2700	LIXAAMARELA CINTADELIXALS312JFG10050X2700	Lixa Amarela LS312JF 50x1200	0.725
PAGE 9	LIXAAMARELA-CINTADELIXALS312JFG10070X2300	LIXAAMARELA CINTADELIXALS312JFG10070X2300	Lixa Amarela LS312JF 50x1200	0.638
PAGE 9	LIXAAMARELA-CINTADELIXALS312JFG10075X2300	LIXAAMARELA CINTADELIXALS312JFG10075X2300	Lixa Amarela LS312JF 50x1200	0.638
PAGE 9	LIXAAMARELA-CINTADELIXALS312JFG12050X2000	LIXAAMARELA CINTADELIXALS312JFG12050X2000	Lixa Amarela LS312JF 50x1200	0.667
PAGE 9	LIXAAMARELA-CINTADELIXALS312JFG15050X2000	LIXAAMARELA CINTADELIXALS312JFG15050X2000	Lixa Amarela LS312JF 50x1200	0.725
PAGE 10	ADAPTADORFLANGE25X150X13	ADAPTADORFLANGE25X150X13	Roda Ventilada Flanela 250x13	0.528
PAGE 10	ADAPTADORFLANGE50X150X13	ADAPTADORFLANGE50X150X13	Roda Ventilada Flanela 250x13	0.491
PAGE 10	ADAPTADORFLANGE50X250X25	ADAPTADORFLANGE50X250X25	Disco Flap Feltro Berwanger 115x22mm	0.467
PAGE 10	ADAPTADORFLANGE50X250X32	ADAPTADORFLANGE50X250X32	Roda Standard Sisal 4 250x32	0.5
PAGE 10	AVENTALBARBEIRO	AVENTALBARBEIRO	Avental Barbeiro Raspa	0.811
PAGE 10	AVENTALSOLDADOR	AVENTALSOLDADOR	Avental Soldador Raspa	0.811
PAGE 10	CABODEOSSOEMADEIRA	CABODEOSSOEMADEIRA	Disco Flap Acabamento Grosso Marrom	0.415
PAGE 10	CASACORASPA	CASACORASPA	Avental Soldador Raspa	0.545
PAGE 10	CINTASCOTHBRITEAZULG18050X2000-KLINGSPOR	CINTASCOTHBRITEAZULG18050X2000 KLINGSPOR	PG Misto Scoth Brite 50x150	0.478
PAGE 10	CINTASCOTHBRITECINZAG6050X2000-KLINGSPOR	CINTASCOTHBRITECINZAG6050X2000 KLINGSPOR	PG Misto Scoth Brite 50x150	0.478
PAGE 10	CINTASCOTHBRITEROXAG12050X2000-KLINGSPOR	CINTASCOTHBRITEROXAG12050X2000 KLINGSPOR	Cinta Zircônia Deerfos XZ677 50x2000	0.5
PAGE 10	CINTASCOTHBRITEVERDEG15050X2000-KLINGSPOR	CINTASCOTHBRITEVERDEG15050X2000 KLINGSPOR	Cinta Zircônia Deerfos XZ677 50x2000	0.468
PAGE 10	DISCODECORTENORTON7POLX16	DISCODECORTENORTON7POLX16	Disco de Corte Berwanger 115x22,2mm	0.5
PAGE 10	DISCODECORTEBERWANGER-DISCODCI10115X22,2MM	DISCODECORTEBERWANGER DISCODCI10115X22 2MM	Disco de Corte Berwanger 115x22,2mm	0.831
PAGE 10	DISCODECORTEKLINGSPOR-115X1X22,23	DISCODECORTEKLINGSPOR 115X1X22 23	Disco de Corte Berwanger 115x22,2mm	0.706
PAGE 10	DISCODEESPONJAACABAMENTOPRO-115X22MM	DISCODEESPONJAACABAMENTOPRO 115X22MM	Disco Esponja Acabamento Berwanger	0.657
PAGE 10	DISCODEFLAPBERWANGER115X22MMGR120	DISCODEFLAPBERWANGER115X22MMGR120	Disco Flap Berwanger 115x22mm	0.839
PAGE 10	DISCODEFLAPBERWANGER115X22MMGR40	DISCODEFLAPBERWANGER115X22MMGR40	Disco Flap Berwanger 115x22mm	0.852
PAGE 10	DISCODEFLAPBERWANGER115X22MMGR60	DISCODEFLAPBERWANGER115X22MMGR60	Disco Flap Berwanger 115x22mm	0.852
PAGE 10	DISCODEFLAPBERWANGER115X22MMGR80	DISCODEFLAPBERWANGER115X22MMGR80	Disco Flap Berwanger 115x22mm	0.852
PAGE 10	DISCODEFLAPFELTRO115X22MM	DISCODEFLAPFELTRO115X22MM	Disco Flap Feltro Berwanger 115x22mm	0.754
PAGE 10	DISCODEFLAPKLINGSPOR115X22,23GR40	DISCODEFLAPKLINGSPOR115X22 23GR40	Disco Flap Berwanger 115x22mm	0.581
PAGE 10	DISCODEFLAPKLINGSPOR115X22,23GR60	DISCODEFLAPKLINGSPOR115X22 23GR60	Disco Flap Berwanger 115x22mm	0.581
PAGE 10	DISCODELIXAGR5050X180	DISCODELIXAGR5050X180	Disco de Lixa Red Deerfos 300	0.56
PAGE 10	DISCOFLAPACABAMENTO115X22MMFINOAZUL	DISCOFLAPACABAMENTO115X22MMFINOAZUL	Disco Flap Acabamento Médio Vermelho	0.62
PAGE 10	DISCOFLAPACABAMENTO115X22MMGROSSOMARRON	DISCOFLAPACABAMENTO115X22MMGROSSOMARRON	Disco Flap Acabamento Grosso Marrom	0.811
PAGE 10	DISCOFLAPACABAMENTO115X22MMMEDIOVERMELHO	DISCOFLAPACABAMENTO115X22MMMEDIOVERMELHO	Disco Flap Acabamento Médio Vermelho	0.842
PAGE 10	DISCOLIXA3MGR120	DISCOLIXA3MGR120	Disco de Lixa 3M 178x22,3	0.634
PAGE 10	DISCOLIXA3MGR24	DISCOLIXA3MGR24	Disco de Lixa 3M 178x22,3	0.6
PAGE 10	DISCOLIXA3MGR36	DISCOLIXA3MGR36	Disco de Lixa 3M 178x22,3	0.6
PAGE 10	DISCOLIXA3MGR80	DISCOLIXA3MGR80	Disco de Lixa 3M 178x22,3	0.6
PAGE 10	DISCOREMOVEDOR115X22MM	DISCOREMOVEDOR115X22MM	Disco Removedor Berwanger 115x22mm	0.786
PAGE 10	ES.C.30O.75.5AR-ESCOVADECORDATORCIDA5ARGOLAS	ES C 30O 75 5AR ESCOVADECORDATORCIDA5ARGOLAS	Escova de Corda Torcida 5 argolas	0.727
PAGE 10	ES.CT.4O0.32.2AR.4-ESCOVADECORDATRANCADA2ARGOLAS	ES CT 4O0 32 2AR 4 ESCOVADECORDATRANCADA2ARGOLAS	Escova de Corda Trançada 2 argolas	0.707
PAGE 10	ESCOVADEFIBRA250X32	ESCOVADEFIBRA250X32	Escova de Fibra 250x32	0.927
PAGE 10	ESCOVADEFIBRA300X32	ESCOVADEFIBRA300X32	Escova de Fibra 350x32	0.878
PAGE 10	ESCOVADELIXA70X300	ESCOVADELIXA70X300	Escova de Fibra 250x32	0.65
PAGE 10	FELTRORECICLADO	FELTRORECICLADO	Avental Soldador Raspa	0.378
PAGE 10	FOLHASCOTCHBRITE-240MMX130MM	FOLHASCOTCHBRITE 240MMX130MM	PG Misto Scoth Brite 25x150	0.582
PAGE 10	DISCO FLAP BERVANGER 18OX22MM GR40	DISCO FLAP BERVANGER 18OX22MM	Disco Flap Berwanger 115x22mm	0.897
